날짜,색인이 생성되지 않은 페이지,색인 생성됨,노출
2026-06-22,,,0
2026-06-23,,,0
2026-06-24,,,81
2026-06-25,,,136
2026-06-26,,,52
2026-06-27,,,42
2026-06-28,,,60
2026-06-29,,,63
2026-06-30,912,724,59
2026-07-01,847,139,43
2026-07-02,847,139,31
2026-07-03,847,139,0
2026-07-04,847,139,0
2026-07-05,847,139,0
2026-07-06,847,139,0
2026-07-07,847,139,0
2026-07-08,847,139,2
2026-07-09,847,139,1
2026-07-10,847,139,3
2026-07-11,996,139,1
2026-07-12,996,139,2
2026-07-13,996,139,2
2026-07-14,996,139,5
2026-07-15,996,139,2
2026-07-16,996,139,3
2026-07-17,996,139,0
2026-07-18,996,139,2
2026-07-19,996,139,0
2026-07-20,996,139,4
2026-07-21,996,139,1
2026-07-22,996,139,1
2026-07-23,996,139,7
2026-07-24,996,139,2
