URL,최종 크롤링,상태
https://prodaco.kr/파주-에폭시철거,2026-07-10,접수중
https://prodaco.kr/연수구-데코타일철거,2026-07-10,접수중
https://prodaco.kr/동탄-폴리싱타일철거,2026-07-10,접수중
https://prodaco.kr/blog/deco-tile-cost,2026-07-09,접수중
https://prodaco.kr/강동-강마루철거,2026-07-07,접수중
https://prodaco.kr/하남-우레탄철거,2026-07-06,접수중
https://prodaco.kr/광명-면갈이,2026-07-06,접수중
https://prodaco.kr/철거-협력업체,2026-07-06,접수중
https://prodaco.kr/부천-바닥철거,2026-07-05,접수중
https://prodaco.kr/용산-바닥타일철거,2026-07-05,접수중
https://prodaco.kr/군포-에폭시철거,2026-07-05,접수중
https://prodaco.kr/마포-에폭시철거,2026-07-05,접수중
https://prodaco.kr/services/의왕,2026-07-05,접수중
https://prodaco.kr/소량-바닥타일철거,2026-07-05,접수중
https://prodaco.kr/수원-바닥타일철거,2026-07-05,접수중
https://prodaco.kr/용산-강마루철거,2026-07-05,접수중
https://prodaco.kr/연수구-장판철거,2026-07-05,접수중
https://prodaco.kr/부천-인테리어-철거-외주,2026-07-05,접수중
https://prodaco.kr/관악-데코타일철거,2026-07-05,접수중
https://prodaco.kr/안산-바닥샌딩,2026-07-05,접수중
https://prodaco.kr/성북-데코륨철거,2026-07-05,접수중
https://prodaco.kr/안양-륨장판철거,2026-07-05,접수중
https://prodaco.kr/화성-디럭스타일철거,2026-07-05,접수중
https://prodaco.kr/동작-바닥샌딩,2026-07-05,접수중
https://prodaco.kr/서대문-바닥샌딩,2026-07-05,접수중
https://prodaco.kr/성북-온돌마루철거,2026-07-05,접수중
https://prodaco.kr/오산-디럭스타일철거,2026-07-05,접수중
https://prodaco.kr/services/용산,2026-07-05,접수중
https://prodaco.kr/services/파주,2026-07-05,접수중
https://prodaco.kr/광교-바닥재철거,2026-07-05,접수중
https://prodaco.kr/바닥샌딩-원상복구,2026-07-05,접수중
https://prodaco.kr/하남-장판철거,2026-07-05,접수중
https://prodaco.kr/동탄-면갈이,2026-07-05,접수중
https://prodaco.kr/성북-바닥샌딩,2026-07-05,접수중
https://prodaco.kr/성남-바닥철거,2026-07-05,접수중
https://prodaco.kr/평택-철거-협력업체,2026-07-05,접수중
https://prodaco.kr/온돌마루철거-평당비용,2026-07-05,접수중
https://prodaco.kr/인천-바닥타일철거,2026-07-05,접수중
https://prodaco.kr/군포-디럭스타일철거,2026-07-05,접수중
https://prodaco.kr/평당-철거-단가,2026-07-04,접수중
https://prodaco.kr/부천-폴리싱타일철거,2026-07-04,접수중
https://prodaco.kr/blog/commercial-restoration,2026-07-04,접수중
https://prodaco.kr/안양-바닥타일철거,2026-07-04,접수중
https://prodaco.kr/폴리싱타일철거-주의사항,2026-07-04,접수중
https://prodaco.kr/군포-데코타일철거,2026-07-04,접수중
https://prodaco.kr/파주-마루철거,2026-07-04,접수중
https://prodaco.kr/동탄-장판철거,2026-07-04,접수중
https://prodaco.kr/서초-장판철거,2026-07-04,접수중
https://prodaco.kr/일산-강화마루철거,2026-07-04,접수중
https://prodaco.kr/바닥샌딩-비용,2026-07-04,접수중
https://prodaco.kr/파주-바닥타일철거,2026-07-04,접수중
https://prodaco.kr/당일-마루철거,2026-07-04,접수중
https://prodaco.kr/부평-바닥재철거,2026-07-04,접수중
https://prodaco.kr/수원-폴리싱타일철거,2026-07-04,접수중
https://prodaco.kr/화성-면갈이,2026-07-04,접수중
https://prodaco.kr/타일철거-원상복구,2026-07-04,접수중
https://prodaco.kr/서울-바닥철거,2026-07-04,접수중
https://prodaco.kr/성동-우레탄철거,2026-07-04,접수중
https://prodaco.kr/과천-바닥재철거,2026-07-04,접수중
https://prodaco.kr/남동구-타일철거,2026-07-04,접수중
https://prodaco.kr/고양-폴리싱타일철거,2026-07-04,접수중
https://prodaco.kr/영등포-우레탄철거,2026-07-04,접수중
https://prodaco.kr/과천-강화마루철거,2026-07-04,접수중
https://prodaco.kr/운정-바닥샌딩,2026-07-04,접수중
https://prodaco.kr/장판철거-원상복구,2026-07-04,접수중
https://prodaco.kr/서대문-바닥타일철거,2026-07-04,접수중
https://prodaco.kr/services/판교,2026-07-04,접수중
https://prodaco.kr/일산-온돌마루철거,2026-07-04,접수중
https://prodaco.kr/성동-폴리싱타일철거,2026-07-04,접수중
https://prodaco.kr/오래된-마루-철거,2026-07-04,접수중
https://prodaco.kr/장판-뜯기,2026-07-04,접수중
https://prodaco.kr/은평-륨장판철거,2026-07-04,접수중
https://prodaco.kr/마루철거-후기,2026-07-04,접수중
https://prodaco.kr/소량-데코타일철거,2026-07-04,접수중
https://prodaco.kr/중랑-우레탄철거,2026-07-04,접수중
https://prodaco.kr/강동-강화마루철거,2026-07-04,접수중
https://prodaco.kr/services/양천,2026-07-04,접수중
https://prodaco.kr/바닥타일철거-업체추천,2026-07-04,접수중
https://prodaco.kr/송도-바닥샌딩,2026-07-04,접수중
https://prodaco.kr/상가-바닥철거,2026-07-04,접수중
https://prodaco.kr/동대문-우레탄철거,2026-07-04,접수중
https://prodaco.kr/강마루철거-후기,2026-07-04,접수중
https://prodaco.kr/운정-바닥재철거,2026-07-04,접수중
https://prodaco.kr/남양주-디럭스타일철거,2026-07-04,접수중
https://prodaco.kr/부평-바닥샌딩,2026-07-04,접수중
https://prodaco.kr/강북-디럭스타일철거,2026-07-04,접수중
https://prodaco.kr/구로-바닥재철거,2026-07-04,접수중
https://prodaco.kr/셀프인테리어-마루철거,2026-07-04,접수중
https://prodaco.kr/광명-륨장판철거,2026-07-04,접수중
https://prodaco.kr/services/평촌,2026-07-04,접수중
https://prodaco.kr/위례-면갈이,2026-07-04,접수중
https://prodaco.kr/도봉-바닥샌딩,2026-07-04,접수중
https://prodaco.kr/동탄-바닥재철거,2026-07-04,접수중
https://prodaco.kr/용인-강마루철거,2026-07-04,접수중
https://prodaco.kr/판교-바닥철거,2026-07-04,접수중
https://prodaco.kr/파주-바닥샌딩,2026-07-04,접수중
https://prodaco.kr/성남-데코타일철거,2026-07-04,접수중
https://prodaco.kr/중구-바닥재철거,2026-07-04,접수중
https://prodaco.kr/철거-견적-의뢰,2026-07-04,접수중
https://prodaco.kr/서초-바닥재철거,2026-07-04,접수중
https://prodaco.kr/영등포-바닥철거,2026-07-04,접수중
https://prodaco.kr/소량-마루철거,2026-07-04,접수중
https://prodaco.kr/구로-에폭시철거,2026-07-04,접수중
https://prodaco.kr/송도-강화마루철거,2026-07-04,접수중
https://prodaco.kr/구리-바닥타일철거,2026-07-04,접수중
https://prodaco.kr/강동-우레탄철거,2026-07-04,접수중
https://prodaco.kr/군포-바닥재철거,2026-07-04,접수중
https://prodaco.kr/운정-온돌마루철거,2026-07-04,접수중
https://prodaco.kr/마루철거-방법,2026-07-04,접수중
https://prodaco.kr/동작-데코타일철거,2026-07-04,접수중
https://prodaco.kr/성북-에폭시철거,2026-07-04,접수중
https://prodaco.kr/서대문-바닥철거,2026-07-04,접수중
https://prodaco.kr/구로-우레탄철거,2026-07-03,접수중
https://prodaco.kr/에폭시철거-원상복구,2026-07-03,접수중
https://prodaco.kr/강마루제거,2026-07-03,접수중
https://prodaco.kr/바닥재철거-하도급,2026-07-03,접수중
https://prodaco.kr/동탄-마루철거,2026-07-03,접수중
https://prodaco.kr/관악-바닥재철거,2026-07-03,접수중
https://prodaco.kr/오산-강마루철거,2026-07-03,접수중
https://prodaco.kr/세금계산서-철거,2026-07-03,접수중
https://prodaco.kr/바닥철거-주의사항,2026-07-03,접수중
https://prodaco.kr/바닥재철거-평당비용,2026-07-03,접수중
https://prodaco.kr/서대문-면갈이,2026-07-03,접수중
https://prodaco.kr/강서-에폭시철거,2026-07-03,접수중
https://prodaco.kr/중랑-온돌마루철거,2026-07-03,접수중
https://prodaco.kr/성동-디럭스타일철거,2026-07-03,접수중
https://prodaco.kr/용인-바닥재철거,2026-07-03,접수중
https://prodaco.kr/부천-면갈이,2026-07-03,접수중
https://prodaco.kr/사무실-바닥철거,2026-07-03,접수중
https://prodaco.kr/구로-바닥타일철거,2026-07-03,접수중
https://prodaco.kr/양주-데코타일철거,2026-07-03,접수중
https://prodaco.kr/바닥재-폐기물-처리,2026-07-03,접수중
https://prodaco.kr/동작-에폭시철거,2026-07-03,접수중
https://prodaco.kr/수도권-디럭스타일철거,2026-06-27,접수중
https://prodaco.kr/도봉-면갈이,2026-06-27,접수중
https://prodaco.kr/도봉-에폭시철거,2026-06-27,접수중
https://prodaco.kr/바닥철거-평당비용,2026-06-27,접수중
https://prodaco.kr/services/하남,2026-06-27,접수중
https://prodaco.kr/양천-에폭시철거,2026-06-26,접수중
https://prodaco.kr/구리-데코륨철거,2026-06-26,접수중
https://prodaco.kr/동두천-데코륨철거,2026-06-26,접수중
https://prodaco.kr/강서-온돌마루철거,2026-06-26,접수중
https://prodaco.kr/데코륨철거-업체추천,2026-06-26,접수중
https://prodaco.kr/폴리싱타일철거-후기,2026-06-26,접수중
https://prodaco.kr/서구-에폭시철거,2026-06-26,접수중
https://prodaco.kr/김포-데코타일철거,2026-06-26,접수중
https://prodaco.kr/양주-데코륨철거,2026-06-26,접수중
https://prodaco.kr/김포-륨장판철거,2026-06-26,접수중
https://prodaco.kr/인천-강마루철거,2026-06-26,접수중
https://prodaco.kr/파주-강마루철거,2026-06-26,접수중
https://prodaco.kr/동대문-마루철거,2026-06-25,접수중
https://prodaco.kr/과천-우레탄철거,2026-06-25,접수중
https://prodaco.kr/수원-강화마루철거,2026-06-25,접수중
https://prodaco.kr/군포-우레탄철거,2026-06-25,접수중
https://prodaco.kr/blog/waste-handling,2026-06-25,접수중
https://prodaco.kr/blog/b2b-subcontract,2026-06-25,접수중
https://prodaco.kr/송파-바닥타일철거,2026-06-25,접수중
https://prodaco.kr/강남-데코타일철거,2026-06-25,접수중
https://prodaco.kr/강남-데코륨철거,2026-06-25,접수중
https://prodaco.kr/노원-마루철거,2026-06-25,접수중
https://prodaco.kr/services/서초,2026-06-25,접수중
https://prodaco.kr/서초-바닥철거,2026-06-25,접수중
https://prodaco.kr/경기-온돌마루철거,2026-06-25,접수중
https://prodaco.kr/services/남양주,2026-06-25,접수중
https://prodaco.kr/서대문-데코타일철거,2026-06-25,접수중
https://prodaco.kr/마포-강마루철거,2026-06-25,접수중
https://prodaco.kr/고양-장판철거,2026-06-25,접수중
https://prodaco.kr/강북-타일철거,2026-06-25,접수중
https://prodaco.kr/미추홀구-에폭시철거,2026-06-25,접수중
https://prodaco.kr/강동-바닥철거,2026-06-25,접수중
https://prodaco.kr/서대문-폴리싱타일철거,2026-06-25,접수중
https://prodaco.kr/양천-마루철거,2026-06-25,접수중
https://prodaco.kr/강서-바닥샌딩,2026-06-25,접수중
https://prodaco.kr/수도권-강화마루철거,2026-06-25,접수중
https://prodaco.kr/판교-디럭스타일철거,2026-06-25,접수중
https://prodaco.kr/양천-데코륨철거,2026-06-25,접수중
https://prodaco.kr/양주-강화마루철거,2026-06-25,접수중
https://prodaco.kr/services/강남,2026-06-25,접수중
https://prodaco.kr/영등포-륨장판철거,2026-06-25,접수중
https://prodaco.kr/연수구-마루철거,2026-06-25,접수중
https://prodaco.kr/경기-디럭스타일철거,2026-06-25,접수중
https://prodaco.kr/강남-마루철거,2026-06-25,접수중
https://prodaco.kr/서울-강마루철거,2026-06-25,접수중
https://prodaco.kr/수원-우레탄철거,2026-06-25,접수중
https://prodaco.kr/마루걷어내기,2026-06-25,접수중
https://prodaco.kr/고양-바닥타일철거,2026-06-25,접수중
https://prodaco.kr/미추홀구-강화마루철거,2026-06-25,접수중
https://prodaco.kr/영등포-강마루철거,2026-06-25,접수중
https://prodaco.kr/서초-타일철거,2026-06-25,접수중
https://prodaco.kr/남양주-강화마루철거,2026-06-25,접수중
https://prodaco.kr/부평-타일철거,2026-06-25,접수중
https://prodaco.kr/services/연수구,2026-06-25,접수중
https://prodaco.kr/에폭시제거,2026-06-25,접수중
https://prodaco.kr/수도권-우레탄철거,2026-06-25,접수중
https://prodaco.kr/인천-륨장판철거,2026-06-25,접수중
https://prodaco.kr/계양-데코륨철거,2026-06-25,접수중
https://prodaco.kr/양천-바닥철거,2026-06-25,접수중
https://prodaco.kr/강남-강마루철거,2026-06-25,접수중
https://prodaco.kr/하남-디럭스타일철거,2026-06-25,접수중
https://prodaco.kr/수도권-륨장판철거,2026-06-25,접수중
https://prodaco.kr/services/인천,2026-06-25,접수중
https://prodaco.kr/경기-타일철거,2026-06-25,접수중
https://prodaco.kr/강서-마루철거,2026-06-25,접수중
https://prodaco.kr/수도권-바닥타일철거,2026-06-25,접수중
https://prodaco.kr/강남-바닥샌딩,2026-06-25,접수중
https://prodaco.kr/서울-강화마루철거,2026-06-25,접수중
https://prodaco.kr/김포-마루철거,2026-06-25,접수중
https://prodaco.kr/수도권-마루철거,2026-06-25,접수중
https://prodaco.kr/강동-마루철거,2026-06-25,접수중
https://prodaco.kr/서초-강마루철거,2026-06-25,접수중
https://prodaco.kr/우레탄제거,2026-06-25,접수중
https://prodaco.kr/의왕-데코륨철거,2026-06-25,접수중
https://prodaco.kr/마루-없애기,2026-06-25,접수중
https://prodaco.kr/수도권-폴리싱타일철거,2026-06-25,접수중
https://prodaco.kr/서초-데코타일철거,2026-06-25,접수중
https://prodaco.kr/강동-바닥타일철거,2026-06-25,접수중
https://prodaco.kr/강동-바닥샌딩,2026-06-25,접수중
https://prodaco.kr/services/미추홀구,2026-06-25,접수중
https://prodaco.kr/양주-타일철거,2026-06-25,접수중
https://prodaco.kr/서초-바닥샌딩,2026-06-25,접수중
https://prodaco.kr/인천-마루철거,2026-06-25,접수중
https://prodaco.kr/경기-면갈이,2026-06-25,접수중
https://prodaco.kr/안산-바닥타일철거,2026-06-25,접수중
https://prodaco.kr/동탄-바닥샌딩,2026-06-25,접수중
https://prodaco.kr/용인-장판철거,2026-06-25,접수중
https://prodaco.kr/중랑-바닥철거,2026-06-25,접수중
https://prodaco.kr/송파-강마루철거,2026-06-25,접수중
https://prodaco.kr/강남-바닥재철거,2026-06-25,접수중
https://prodaco.kr/폴리싱타일철거-폐기물처리,2026-06-25,접수중
https://prodaco.kr/본드제거,2026-06-25,접수중
https://prodaco.kr/계양-바닥타일철거,2026-06-25,접수중
https://prodaco.kr/양천-폴리싱타일철거,2026-06-25,접수중
https://prodaco.kr/바닥타일철거-폐기물처리,2026-06-25,접수중
https://prodaco.kr/강마루철거-폐기물처리,2026-06-25,접수중
https://prodaco.kr/blog/maru-cost,2026-06-25,접수중
https://prodaco.kr/온돌마루철거-폐기물처리,2026-06-25,접수중
https://prodaco.kr/경기-폴리싱타일철거,2026-06-25,접수중
https://prodaco.kr/강마루철거-원상복구,2026-06-25,접수중
https://prodaco.kr/강화마루철거-폐기물처리,2026-06-25,접수중
https://prodaco.kr/광교-폴리싱타일철거,2026-06-25,접수중
https://prodaco.kr/구리-바닥철거,2026-06-25,접수중
https://prodaco.kr/구리-타일철거,2026-06-25,접수중
https://prodaco.kr/구로-강마루철거,2026-06-25,접수중
https://prodaco.kr/구리-온돌마루철거,2026-06-25,접수중
https://prodaco.kr/미추홀구-바닥재철거,2026-06-25,접수중
https://prodaco.kr/노후마루-교체철거,2026-06-25,접수중
https://prodaco.kr/고양-인테리어-철거-외주,2026-06-25,접수중
https://prodaco.kr/노원-에폭시철거,2026-06-25,접수중
https://prodaco.kr/안양-디럭스타일철거,2026-06-25,접수중
https://prodaco.kr/산본-데코륨철거,2026-06-25,접수중
https://prodaco.kr/판교-바닥재철거,2026-06-25,접수중
https://prodaco.kr/에폭시철거-업체추천,2026-06-25,접수중
https://prodaco.kr/판교-데코타일철거,2026-06-25,접수중
https://prodaco.kr/바닥철거-비용,2026-06-25,접수중
https://prodaco.kr/미추홀구-바닥샌딩,2026-06-25,접수중
https://prodaco.kr/부평-에폭시철거,2026-06-25,접수중
https://prodaco.kr/철거-파트너업체,2026-06-25,접수중
https://prodaco.kr/영등포-에폭시철거,2026-06-25,접수중
https://prodaco.kr/중구-데코륨철거,2026-06-25,접수중
https://prodaco.kr/시흥-타일철거,2026-06-25,접수중
https://prodaco.kr/강북-폴리싱타일철거,2026-06-25,접수중
https://prodaco.kr/광명-데코타일철거,2026-06-25,접수중
https://prodaco.kr/성동-바닥타일철거,2026-06-25,접수중
https://prodaco.kr/광교-바닥샌딩,2026-06-25,접수중
https://prodaco.kr/화성-데코타일철거,2026-06-25,접수중
https://prodaco.kr/시흥-바닥타일철거,2026-06-25,접수중
https://prodaco.kr/성남-장판철거,2026-06-25,접수중
https://prodaco.kr/성남-강화마루철거,2026-06-25,접수중
https://prodaco.kr/성북-바닥철거,2026-06-25,접수중
https://prodaco.kr/금천-데코륨철거,2026-06-25,접수중
https://prodaco.kr/관악-폴리싱타일철거,2026-06-25,접수중
https://prodaco.kr/산본-에폭시철거,2026-06-25,접수중
https://prodaco.kr/시공팀-철거,2026-06-25,접수중
https://prodaco.kr/광교-강마루철거,2026-06-25,접수중
https://prodaco.kr/산본-디럭스타일철거,2026-06-25,접수중
https://prodaco.kr/광명-바닥재철거,2026-06-25,접수중
https://prodaco.kr/안양-바닥샌딩,2026-06-25,접수중
https://prodaco.kr/수도권-장판철거,2026-06-25,접수중
https://prodaco.kr/시흥-마루철거,2026-06-25,접수중
https://prodaco.kr/마포-바닥재철거,2026-06-25,접수중
https://prodaco.kr/연수구-우레탄철거,2026-06-25,접수중
https://prodaco.kr/faq,2026-06-25,접수중
https://prodaco.kr/고양-마루철거,2026-06-25,접수중
https://prodaco.kr/동탄-데코륨철거,2026-06-25,접수중
https://prodaco.kr/의정부-우레탄철거,2026-06-25,접수중
https://prodaco.kr/동두천-바닥철거,2026-06-25,접수중
https://prodaco.kr/반셀프-바닥철거,2026-06-25,접수중
https://prodaco.kr/blog/preparation-before-removal,2026-06-25,접수중
https://prodaco.kr/미추홀구-데코륨철거,2026-06-25,접수중
https://prodaco.kr/송도-온돌마루철거,2026-06-25,접수중
https://prodaco.kr/당일-우레탄철거,2026-06-25,접수중
https://prodaco.kr/산본-데코타일철거,2026-06-25,접수중
https://prodaco.kr/파주-강화마루철거,2026-06-25,접수중
https://prodaco.kr/수도권-강마루철거,2026-06-25,접수중
https://prodaco.kr/의정부-바닥재철거,2026-06-25,접수중
https://prodaco.kr/일산-바닥타일철거,2026-06-25,접수중
https://prodaco.kr/용인-강화마루철거,2026-06-25,접수중
https://prodaco.kr/관악-강화마루철거,2026-06-25,접수중
https://prodaco.kr/인천-데코타일철거,2026-06-25,접수중
https://prodaco.kr/부천-바닥타일철거,2026-06-25,접수중
https://prodaco.kr/은평-강화마루철거,2026-06-25,접수중
https://prodaco.kr/양천-강마루철거,2026-06-25,접수중
https://prodaco.kr/양주-우레탄철거,2026-06-25,접수중
https://prodaco.kr/광진-강마루철거,2026-06-25,접수중
https://prodaco.kr/과천-강마루철거,2026-06-25,접수중
https://prodaco.kr/송파-데코륨철거,2026-06-25,접수중
https://prodaco.kr/blog/after-removal-next-steps,2026-06-25,접수중
https://prodaco.kr/services/계양,2026-06-25,접수중
https://prodaco.kr/services/안산,2026-06-25,접수중
https://prodaco.kr/blog/hardwood-sanding-guide,2026-06-24,접수중
https://prodaco.kr/마루-꺼짐-보수,2026-06-24,접수중
https://prodaco.kr/동탄-철거-외주,2026-06-24,접수중
https://prodaco.kr/서초-마루철거,2026-06-24,접수중
https://prodaco.kr/평촌-바닥샌딩,2026-06-24,접수중
https://prodaco.kr/수원-장판철거,2026-06-24,접수중
https://prodaco.kr/송도-바닥철거,2026-06-24,접수중
https://prodaco.kr/양주-바닥철거,2026-06-24,접수중
https://prodaco.kr/의왕-타일철거,2026-06-24,접수중
https://prodaco.kr/동탄-타일철거,2026-06-24,접수중
https://prodaco.kr/수원-타일철거,2026-06-24,접수중
https://prodaco.kr/용산-장판철거,2026-06-24,접수중
https://prodaco.kr/마루시공-철거,2026-06-24,접수중
https://prodaco.kr/오산-바닥샌딩,2026-06-24,접수중
https://prodaco.kr/산본-마루철거,2026-06-24,접수중
https://prodaco.kr/강북-바닥샌딩,2026-06-24,접수중
https://prodaco.kr/의왕-바닥철거,2026-06-24,접수중
https://prodaco.kr/안산-장판철거,2026-06-24,접수중
https://prodaco.kr/이사-마루철거,2026-06-24,접수중
https://prodaco.kr/운정-마루철거,2026-06-24,접수중
https://prodaco.kr/인천-타일철거,2026-06-24,접수중
https://prodaco.kr/광진-타일철거,2026-06-24,접수중
https://prodaco.kr/일산-마루철거,2026-06-24,접수중
https://prodaco.kr/광명-마루철거,2026-06-24,접수중
https://prodaco.kr/blog/sanding-why-matters,2026-06-24,접수중
https://prodaco.kr/blog/self-install-guide,2026-06-24,접수중
https://prodaco.kr/과천-면갈이,2026-06-24,접수중
https://prodaco.kr/면갈이-방법,2026-06-24,접수중
https://prodaco.kr/blog/moving-checklist,2026-06-24,접수중
https://prodaco.kr/blog/deco-vs-jangpan,2026-06-24,접수중
https://prodaco.kr/blog/ganmaru-removal,2026-06-24,접수중
https://prodaco.kr/연수구-타일철거,2026-06-24,접수중
https://prodaco.kr/고양-바닥샌딩,2026-06-24,접수중
https://prodaco.kr/남동구-장판철거,2026-06-24,접수중
https://prodaco.kr/저렴한-디럭스타일철거,2026-06-24,접수중
https://prodaco.kr/송파-타일철거,2026-06-24,접수중
https://prodaco.kr/위례-온돌마루철거,2026-06-24,접수중
https://prodaco.kr/안산-폴리싱타일철거,2026-06-24,접수중
https://prodaco.kr/철거-전문팀,2026-06-24,접수중
https://prodaco.kr/인천-철거-외주,2026-06-24,접수중
https://prodaco.kr/데코타일철거-원상복구,2026-06-24,접수중
https://prodaco.kr/과천-폴리싱타일철거,2026-06-24,접수중
https://prodaco.kr/소량-폴리싱타일철거,2026-06-24,접수중
https://prodaco.kr/폴리싱타일철거-원상복구,2026-06-24,접수중
https://prodaco.kr/판교-타일철거,2026-06-24,접수중
https://prodaco.kr/광진-륨장판철거,2026-06-24,접수중
https://prodaco.kr/고양-우레탄철거,2026-06-24,접수중
https://prodaco.kr/에폭시철거-기간,2026-06-24,접수중
https://prodaco.kr/미추홀구-강마루철거,2026-06-24,접수중
https://prodaco.kr/은평-디럭스타일철거,2026-06-24,접수중
https://prodaco.kr/은평-데코타일철거,2026-06-24,접수중
https://prodaco.kr/평촌-데코타일철거,2026-06-24,접수중
https://prodaco.kr/저렴한-데코타일철거,2026-06-24,접수중
https://prodaco.kr/군포-바닥철거,2026-06-24,접수중
https://prodaco.kr/타일철거-견적,2026-06-24,접수중
https://prodaco.kr/데코륨철거-방법,2026-06-24,접수중
https://prodaco.kr/동작-바닥재철거,2026-06-24,접수중
https://prodaco.kr/수원-바닥재철거,2026-06-24,접수중
https://prodaco.kr/오산-우레탄철거,2026-06-24,접수중
https://prodaco.kr/파주-폴리싱타일철거,2026-06-24,접수중
https://prodaco.kr/양주-면갈이,2026-06-24,접수중
https://prodaco.kr/안양-바닥철거,2026-06-24,접수중
https://prodaco.kr/마루-철거-혼자,2026-06-24,접수중
https://prodaco.kr/마포-우레탄철거,2026-06-24,접수중
https://prodaco.kr/송파-데코타일철거,2026-06-24,접수중
https://prodaco.kr/연수구-륨장판철거,2026-06-24,접수중
https://prodaco.kr/services/동두천,2026-06-24,접수중
https://prodaco.kr/판교-면갈이,2026-06-24,접수중
https://prodaco.kr/경기-데코륨철거,2026-06-24,접수중
https://prodaco.kr/구로-온돌마루철거,2026-06-24,접수중
https://prodaco.kr/용산-데코타일철거,2026-06-24,접수중
https://prodaco.kr/마포-바닥샌딩,2026-06-24,접수중
https://prodaco.kr/위례-타일철거,2026-06-24,접수중
https://prodaco.kr/마루-삐걱거림-보수,2026-06-24,접수중
https://prodaco.kr/수도권-바닥철거,2026-06-24,접수중
https://prodaco.kr/위례-에폭시철거,2026-06-24,접수중
https://prodaco.kr/화성-마루철거-하도급,2026-06-24,접수중
https://prodaco.kr/노원-우레탄철거,2026-06-24,접수중
https://prodaco.kr/계양-강화마루철거,2026-06-24,접수중
https://prodaco.kr/마포-강화마루철거,2026-06-24,접수중
https://prodaco.kr/성동-강화마루철거,2026-06-24,접수중
https://prodaco.kr/륨장판철거-폐기물처리,2026-06-24,접수중
https://prodaco.kr/강서-면갈이,2026-06-24,접수중
https://prodaco.kr/마루-꼭-뜯어야-하나,2026-06-24,접수중
https://prodaco.kr/양주-륨장판철거,2026-06-24,접수중
https://prodaco.kr/연수구-바닥재철거,2026-06-24,접수중
https://prodaco.kr/오산-타일철거,2026-06-24,접수중
https://prodaco.kr/군포-데코륨철거,2026-06-24,접수중
https://prodaco.kr/시흥-륨장판철거,2026-06-24,접수중
https://prodaco.kr/계양-온돌마루철거,2026-06-24,접수중
https://prodaco.kr/성동-륨장판철거,2026-06-24,접수중
https://prodaco.kr/성동-타일철거,2026-06-24,접수중
https://prodaco.kr/운정-타일철거,2026-06-24,접수중
https://prodaco.kr/송파-에폭시철거,2026-06-24,접수중
https://prodaco.kr/미추홀구-타일철거,2026-06-24,접수중
https://prodaco.kr/서울-우레탄철거,2026-06-24,접수중
https://prodaco.kr/노원-바닥샌딩,2026-06-24,접수중
https://prodaco.kr/산본-강마루철거,2026-06-24,접수중
https://prodaco.kr/안산-데코륨철거,2026-06-24,접수중
https://prodaco.kr/면갈이-폐기물처리,2026-06-24,접수중
https://prodaco.kr/온돌마루철거-비용,2026-06-24,접수중
https://prodaco.kr/타일철거-평당비용,2026-06-24,접수중
https://prodaco.kr/광명-폴리싱타일철거,2026-06-24,접수중
https://prodaco.kr/services/용인,2026-06-24,접수중
https://prodaco.kr/용산-면갈이,2026-06-24,접수중
https://prodaco.kr/군포-마루철거,2026-06-24,접수중
https://prodaco.kr/마루철거-비용,2026-06-24,접수중
https://prodaco.kr/산본-륨장판철거,2026-06-24,접수중
https://prodaco.kr/의왕-바닥재철거,2026-06-24,접수중
https://prodaco.kr/디럭스타일철거-원상복구,2026-06-24,접수중
https://prodaco.kr/services/중랑,2026-06-24,접수중
https://prodaco.kr/services/화성,2026-06-24,접수중
https://prodaco.kr/services/수도권,2026-06-24,접수중
https://prodaco.kr/마포-바닥철거,2026-06-24,접수중
https://prodaco.kr/용인-바닥철거,2026-06-24,접수중
https://prodaco.kr/강마루철거-견적,2026-06-24,접수중
https://prodaco.kr/곰팡이-장판-교체,2026-06-24,접수중
https://prodaco.kr/동대문-강마루철거,2026-06-24,접수중
https://prodaco.kr/동대문-에폭시철거,2026-06-24,접수중
https://prodaco.kr/동두천-온돌마루철거,2026-06-24,접수중
https://prodaco.kr/중구-면갈이,2026-06-24,접수중
https://prodaco.kr/의정부-면갈이,2026-06-24,접수중
https://prodaco.kr/군포-륨장판철거,2026-06-24,접수중
https://prodaco.kr/광진-온돌마루철거,2026-06-24,접수중
https://prodaco.kr/데코타일철거-주의사항,2026-06-24,접수중
https://prodaco.kr/services/서대문,2026-06-24,접수중
https://prodaco.kr/마루-떼기,2026-06-24,접수중
https://prodaco.kr/마포-면갈이,2026-06-24,접수중
https://prodaco.kr/평촌-우레탄철거,2026-06-24,접수중
https://prodaco.kr/륨장판철거-주의사항,2026-06-24,접수중
https://prodaco.kr/판교-우레탄철거,2026-06-24,접수중
https://prodaco.kr/고양-데코타일철거,2026-06-24,접수중
https://prodaco.kr/바닥타일철거-견적,2026-06-24,접수중
https://prodaco.kr/services/노원,2026-06-24,접수중
https://prodaco.kr/남동구-바닥철거,2026-06-24,접수중
https://prodaco.kr/소량-온돌마루철거,2026-06-24,접수중
https://prodaco.kr/양천-바닥타일철거,2026-06-24,접수중
https://prodaco.kr/평촌-온돌마루철거,2026-06-24,접수중
https://prodaco.kr/services/광명,2026-06-24,접수중
https://prodaco.kr/광명-타일철거,2026-06-24,접수중
https://prodaco.kr/소량-바닥샌딩,2026-06-24,접수중
https://prodaco.kr/구리-우레탄철거,2026-06-24,접수중
https://prodaco.kr/의왕-디럭스타일철거,2026-06-24,접수중
https://prodaco.kr/금천-마루철거,2026-06-24,접수중
https://prodaco.kr/안양-마루철거,2026-06-24,접수중
https://prodaco.kr/하남-마루철거,2026-06-24,접수중
https://prodaco.kr/남양주-마루철거,2026-06-24,접수중
https://prodaco.kr/중랑-강마루철거,2026-06-24,접수중
https://prodaco.kr/용인-면갈이,2026-06-24,접수중
https://prodaco.kr/용인-철거-외주,2026-06-24,접수중
https://prodaco.kr/의정부-타일철거,2026-06-24,접수중
https://prodaco.kr/중랑-데코륨철거,2026-06-24,접수중
https://prodaco.kr/화성-바닥재철거,2026-06-24,접수중
https://prodaco.kr/마루철거-평당비용,2026-06-24,접수중
https://prodaco.kr/송도-타일철거,2026-06-24,접수중
https://prodaco.kr/부천-륨장판철거,2026-06-24,접수중
https://prodaco.kr/수원-데코륨철거,2026-06-24,접수중
https://prodaco.kr/데코타일철거-견적,2026-06-24,접수중
https://prodaco.kr/바닥타일철거-기간,2026-06-24,접수중
https://prodaco.kr/판교-폴리싱타일철거,2026-06-24,접수중
https://prodaco.kr/마루철거-외주,2026-06-24,접수중
https://prodaco.kr/당일-바닥타일철거,2026-06-24,접수중
https://prodaco.kr/미추홀구-륨장판철거,2026-06-24,접수중
https://prodaco.kr/광진-바닥철거,2026-06-24,접수중
https://prodaco.kr/김포-바닥재철거,2026-06-24,접수중
https://prodaco.kr/서울-륨장판철거,2026-06-24,접수중
https://prodaco.kr/영등포-데코륨철거,2026-06-24,접수중
https://prodaco.kr/의왕-바닥타일철거,2026-06-24,접수중
https://prodaco.kr/김포-바닥철거,2026-06-24,접수중
https://prodaco.kr/양천-강화마루철거,2026-06-24,접수중
https://prodaco.kr/services/고양,2026-06-24,접수중
https://prodaco.kr/동작-바닥철거,2026-06-24,접수중
https://prodaco.kr/마루-변색-교체,2026-06-24,접수중
https://prodaco.kr/남양주-타일철거,2026-06-24,접수중
https://prodaco.kr/인천-우레탄철거,2026-06-24,접수중
https://prodaco.kr/서초-온돌마루철거,2026-06-24,접수중
https://prodaco.kr/services/의정부,2026-06-24,접수중
https://prodaco.kr/광교-온돌마루철거,2026-06-24,접수중
https://prodaco.kr/남동구-우레탄철거,2026-06-24,접수중
https://prodaco.kr/인천-온돌마루철거,2026-06-24,접수중
https://prodaco.kr/저렴한-폴리싱타일철거,2026-06-24,접수중
https://prodaco.kr/동두천-강화마루철거,2026-06-24,접수중
https://prodaco.kr/용산-륨장판철거,2026-06-24,접수중
https://prodaco.kr/평촌-강마루철거,2026-06-24,접수중
https://prodaco.kr/미추홀구-장판철거,2026-06-24,접수중
https://prodaco.kr/시흥-데코타일철거,2026-06-24,접수중
https://prodaco.kr/동대문-바닥타일철거,2026-06-24,접수중
https://prodaco.kr/계양-타일철거,2026-06-24,접수중
https://prodaco.kr/노원-바닥철거,2026-06-24,접수중
https://prodaco.kr/바닥샌딩-기간,2026-06-24,접수중
https://prodaco.kr/에폭시철거-방법,2026-06-24,접수중
https://prodaco.kr/동작-폴리싱타일철거,2026-06-24,접수중
https://prodaco.kr/일산-폴리싱타일철거,2026-06-24,접수중
https://prodaco.kr/services/성북,2026-06-24,접수중
https://prodaco.kr/services/중구,2026-06-24,접수중
https://prodaco.kr/송파-장판철거,2026-06-24,접수중
https://prodaco.kr/중구-에폭시철거,2026-06-24,접수중
https://prodaco.kr/철거-일위대가,2026-06-24,접수중
https://prodaco.kr/부평-륨장판철거,2026-06-24,접수중
https://prodaco.kr/디럭스타일철거-비용,2026-06-24,접수중
https://prodaco.kr/운정-디럭스타일철거,2026-06-24,접수중
https://prodaco.kr/동탄-바닥철거,2026-06-24,접수중
https://prodaco.kr/용인-우레탄철거,2026-06-24,접수중
https://prodaco.kr/의왕-륨장판철거,2026-06-24,접수중
https://prodaco.kr/저렴한-타일철거,2026-06-24,접수중
https://prodaco.kr/안산-온돌마루철거,2026-06-24,접수중
https://prodaco.kr/양주-디럭스타일철거,2026-06-24,접수중
https://prodaco.kr/부천-마루철거-하도급,2026-06-24,접수중
https://prodaco.kr/우레탄철거-방법,2026-06-24,접수중
https://prodaco.kr/파주-디럭스타일철거,2026-06-24,접수중
https://prodaco.kr/광진-강화마루철거,2026-06-24,접수중
https://prodaco.kr/산본-타일철거,2026-06-24,접수중
https://prodaco.kr/위례-바닥재철거,2026-06-24,접수중
https://prodaco.kr/금천-바닥타일철거,2026-06-24,접수중
https://prodaco.kr/강남-디럭스타일철거,2026-06-24,접수중
https://prodaco.kr/데코륨철거-후기,2026-06-24,접수중
https://prodaco.kr/중구-륨장판철거,2026-06-24,접수중
https://prodaco.kr/데코타일철거-후기,2026-06-24,접수중
https://prodaco.kr/의정부-디럭스타일철거,2026-06-24,접수중
https://prodaco.kr/강남-폴리싱타일철거,2026-06-24,접수중
https://prodaco.kr/은평-타일철거,2026-06-24,접수중
https://prodaco.kr/services/안양,2026-06-24,접수중
https://prodaco.kr/성남-타일철거,2026-06-24,접수중
https://prodaco.kr/은평-장판철거,2026-06-24,접수중
https://prodaco.kr/일산-바닥샌딩,2026-06-24,접수중
https://prodaco.kr/직접-마루철거,2026-06-24,접수중
https://prodaco.kr/파주-장판철거,2026-06-24,접수중
https://prodaco.kr/서구-륨장판철거,2026-06-24,접수중
https://prodaco.kr/의왕-면갈이,2026-06-24,접수중
https://prodaco.kr/바닥재철거-후기,2026-06-24,접수중
https://prodaco.kr/성북-륨장판철거,2026-06-24,접수중
https://prodaco.kr/물먹은-마루-교체,2026-06-24,접수중
https://prodaco.kr/데코륨철거-평당비용,2026-06-24,접수중
https://prodaco.kr/안양-폴리싱타일철거,2026-06-24,접수중
https://prodaco.kr/동두천-면갈이,2026-06-24,접수중
https://prodaco.kr/수원-마루철거-하도급,2026-06-24,접수중
https://prodaco.kr/파주-면갈이,2026-06-24,접수중
https://prodaco.kr/동대문-면갈이,2026-06-24,접수중
https://prodaco.kr/빌라-바닥철거,2026-06-24,접수중
https://prodaco.kr/부천-철거-협력업체,2026-06-24,접수중
https://prodaco.kr/금천-강화마루철거,2026-06-24,접수중
https://prodaco.kr/마루-들어내기,2026-06-24,접수중
https://prodaco.kr/성북-마루철거,2026-06-24,접수중
https://prodaco.kr/안양-장판철거,2026-06-24,접수중
https://prodaco.kr/광진-바닥재철거,2026-06-24,접수중
https://prodaco.kr/시흥-바닥재철거,2026-06-24,접수중
https://prodaco.kr/마루-어떻게-철거,2026-06-24,접수중
https://prodaco.kr/데코륨철거-견적,2026-06-24,접수중
https://prodaco.kr/평촌-강화마루철거,2026-06-24,접수중
https://prodaco.kr/면갈이-견적,2026-06-24,접수중
https://prodaco.kr/당일-바닥철거,2026-06-24,접수중
https://prodaco.kr/오산-바닥철거,2026-06-24,접수중
https://prodaco.kr/철거-외주업체,2026-06-24,접수중
https://prodaco.kr/송도-데코륨철거,2026-06-24,접수중
https://prodaco.kr/평촌-폴리싱타일철거,2026-06-24,접수중
https://prodaco.kr/서구-면갈이,2026-06-24,접수중
https://prodaco.kr/운정-면갈이,2026-06-24,접수중
https://prodaco.kr/판교-데코륨철거,2026-06-24,접수중
https://prodaco.kr/평촌-바닥재철거,2026-06-24,접수중
https://prodaco.kr/화성-바닥철거,2026-06-24,접수중
https://prodaco.kr/관악-륨장판철거,2026-06-24,접수중
https://prodaco.kr/연수구-바닥샌딩,2026-06-24,접수중
https://prodaco.kr/데코타일철거-비용,2026-06-24,접수중
https://prodaco.kr/디럭스타일철거-기간,2026-06-24,접수중
https://prodaco.kr/강남-타일철거,2026-06-24,접수중
https://prodaco.kr/부천-바닥재철거,2026-06-24,접수중
https://prodaco.kr/데코륨철거-원상복구,2026-06-24,접수중
https://prodaco.kr/은평-면갈이,2026-06-24,접수중
https://prodaco.kr/중구-바닥샌딩,2026-06-24,접수중
https://prodaco.kr/과천-데코타일철거,2026-06-24,접수중
https://prodaco.kr/관악-디럭스타일철거,2026-06-24,접수중
https://prodaco.kr/수도권-바닥샌딩,2026-06-24,접수중
https://prodaco.kr/도봉-바닥타일철거,2026-06-24,접수중
https://prodaco.kr/판교-바닥타일철거,2026-06-24,접수중
https://prodaco.kr/연수구-디럭스타일철거,2026-06-24,접수중
https://prodaco.kr/동대문-바닥철거,2026-06-24,접수중
https://prodaco.kr/판교-에폭시철거,2026-06-24,접수중
https://prodaco.kr/남양주-온돌마루철거,2026-06-24,접수중
https://prodaco.kr/수도권-에폭시철거,2026-06-24,접수중
https://prodaco.kr/륨장판철거-원상복구,2026-06-24,접수중
https://prodaco.kr/광진-바닥샌딩,2026-06-24,접수중
https://prodaco.kr/강동-에폭시철거,2026-06-24,접수중
https://prodaco.kr/인천-에폭시철거,2026-06-24,접수중
https://prodaco.kr/services/일산,2026-06-24,접수중
https://prodaco.kr/중랑-바닥샌딩,2026-06-24,접수중
https://prodaco.kr/강동-바닥재철거,2026-06-24,접수중
https://prodaco.kr/경기-바닥재철거,2026-06-24,접수중
https://prodaco.kr/김포-강화마루철거,2026-06-24,접수중
https://prodaco.kr/서대문-바닥재철거,2026-06-24,접수중
https://prodaco.kr/광진-장판철거,2026-06-24,접수중
https://prodaco.kr/강서-바닥재철거,2026-06-24,접수중
https://prodaco.kr/양천-바닥재철거,2026-06-24,접수중
https://prodaco.kr/수도권-바닥재철거,2026-06-24,접수중
https://prodaco.kr/과천-디럭스타일철거,2026-06-24,접수중
https://prodaco.kr/services/동대문,2026-06-24,접수중
https://prodaco.kr/성동-바닥샌딩,2026-06-24,접수중
https://prodaco.kr/성북-장판철거,2026-06-24,접수중
https://prodaco.kr/송파-바닥재철거,2026-06-24,접수중
https://prodaco.kr/인천-바닥재철거,2026-06-24,접수중
https://prodaco.kr/고양-강화마루철거,2026-06-24,접수중
https://prodaco.kr/services/은평,2026-06-24,접수중
https://prodaco.kr/중구-강마루철거,2026-06-24,접수중
https://prodaco.kr/마포-바닥타일철거,2026-06-24,접수중
https://prodaco.kr/운정-강화마루철거,2026-06-24,접수중
https://prodaco.kr/은평-바닥타일철거,2026-06-24,접수중
https://prodaco.kr/인천-강화마루철거,2026-06-24,접수중
https://prodaco.kr/강서-강마루철거,2026-06-24,접수중
https://prodaco.kr/동대문-디럭스타일철거,2026-06-24,접수중
https://prodaco.kr/경기-강마루철거,2026-06-24,접수중
https://prodaco.kr/광명-강화마루철거,2026-06-24,접수중
https://prodaco.kr/강서-강화마루철거,2026-06-24,접수중
https://prodaco.kr/의왕-강화마루철거,2026-06-24,접수중
https://prodaco.kr/services/광진,2026-06-24,접수중
https://prodaco.kr/고양-데코륨철거,2026-06-24,접수중
https://prodaco.kr/일산-데코륨철거,2026-06-24,접수중
https://prodaco.kr/서대문-강마루철거,2026-06-24,접수중
https://prodaco.kr/광진-디럭스타일철거,2026-06-24,접수중
https://prodaco.kr/중랑-폴리싱타일철거,2026-06-24,접수중
https://prodaco.kr/services/운정,2026-06-24,접수중
https://prodaco.kr/인천-장판철거,2026-06-24,접수중
https://prodaco.kr/군포-강마루철거,2026-06-24,접수중
https://prodaco.kr/노원-폴리싱타일철거,2026-06-24,접수중
https://prodaco.kr/성북-폴리싱타일철거,2026-06-24,접수중
https://prodaco.kr/services/산본,2026-06-24,접수중
https://prodaco.kr/강서-바닥철거,2026-06-24,접수중
https://prodaco.kr/중랑-장판철거,2026-06-24,접수중
https://prodaco.kr/광명-강마루철거,2026-06-24,접수중
https://prodaco.kr/김포-데코륨철거,2026-06-24,접수중
https://prodaco.kr/동두천-강마루철거,2026-06-24,접수중
https://prodaco.kr/구로-면갈이,2026-06-24,접수중
https://prodaco.kr/강서-장판철거,2026-06-24,접수중
https://prodaco.kr/경기-장판철거,2026-06-24,접수중
https://prodaco.kr/파주-데코륨철거,2026-06-24,접수중
https://prodaco.kr/남양주-데코륨철거,2026-06-24,접수중
https://prodaco.kr/강마루철거-주의사항,2026-06-24,접수중
https://prodaco.kr/김포-장판철거,2026-06-24,접수중
https://prodaco.kr/강동-장판철거,2026-06-24,접수중
https://prodaco.kr/송도-마루철거,2026-06-24,접수중
https://prodaco.kr/경기-우레탄철거,2026-06-24,접수중
https://prodaco.kr/안양-강마루철거,2026-06-24,접수중
https://prodaco.kr/연수구-폴리싱타일철거,2026-06-24,접수중
https://prodaco.kr/바닥샌딩-견적,2026-06-24,접수중
https://prodaco.kr/일산-장판철거,2026-06-24,접수중
https://prodaco.kr/과천-데코륨철거,2026-06-24,접수중
https://prodaco.kr/동대문-폴리싱타일철거,2026-06-24,접수중
https://prodaco.kr/양주-마루철거,2026-06-24,접수중
https://prodaco.kr/운정-폴리싱타일철거,2026-06-24,접수중
https://prodaco.kr/용인-마루철거,2026-06-24,접수중
https://prodaco.kr/관악-바닥타일철거,2026-06-24,접수중
https://prodaco.kr/동작-바닥타일철거,2026-06-24,접수중
https://prodaco.kr/용인-데코타일철거,2026-06-24,접수중
https://prodaco.kr/용인-바닥샌딩,2026-06-24,접수중
https://prodaco.kr/용인-륨장판철거,2026-06-24,접수중
https://prodaco.kr/관악-마루철거,2026-06-24,접수중
https://prodaco.kr/동작-마루철거,2026-06-24,접수중
https://prodaco.kr/양천-바닥샌딩,2026-06-24,접수중
https://prodaco.kr/시흥-바닥샌딩,2026-06-24,접수중
https://prodaco.kr/연수구-데코륨철거,2026-06-24,접수중
https://prodaco.kr/강동-폴리싱타일철거,2026-06-24,접수중
https://prodaco.kr/인천-폴리싱타일철거,2026-06-24,접수중
https://prodaco.kr/services/남동구,2026-06-24,접수중
https://prodaco.kr/송파-바닥샌딩,2026-06-24,접수중
https://prodaco.kr/서초-폴리싱타일철거,2026-06-24,접수중
https://prodaco.kr/산본-폴리싱타일철거,2026-06-24,접수중
https://prodaco.kr/부천-바닥샌딩,2026-06-24,접수중
https://prodaco.kr/부평-데코륨철거,2026-06-24,접수중
https://prodaco.kr/서구-데코륨철거,2026-06-24,접수중
https://prodaco.kr/송파-강화마루철거,2026-06-24,접수중
https://prodaco.kr/강서-폴리싱타일철거,2026-06-24,접수중
https://prodaco.kr/위례-바닥철거,2026-06-24,접수중
https://prodaco.kr/인천-바닥샌딩,2026-06-24,접수중
https://prodaco.kr/강동-데코타일철거,2026-06-24,접수중
https://prodaco.kr/동작-디럭스타일철거,2026-06-24,접수중
https://prodaco.kr/일산-륨장판철거,2026-06-24,접수중
https://prodaco.kr/남양주-데코타일철거,2026-06-24,접수중
https://prodaco.kr/동작-면갈이,2026-06-24,접수중
https://prodaco.kr/마루-위에-마루-가능,2026-06-24,접수중
https://prodaco.kr/강남-에폭시철거,2026-06-24,접수중
https://prodaco.kr/강서-우레탄철거,2026-06-24,접수중
https://prodaco.kr/은평-에폭시철거,2026-06-24,접수중
https://prodaco.kr/데코륨철거-주의사항,2026-06-24,접수중
https://prodaco.kr/동두천-데코타일철거,2026-06-24,접수중
https://prodaco.kr/services/성남,2026-06-24,접수중
https://prodaco.kr/관악-면갈이,2026-06-24,접수중
https://prodaco.kr/구로-타일철거,2026-06-24,접수중
https://prodaco.kr/송파-륨장판철거,2026-06-24,접수중
https://prodaco.kr/경기-데코타일철거,2026-06-24,접수중
https://prodaco.kr/의왕-온돌마루철거,2026-06-24,접수중
https://prodaco.kr/마포-디럭스타일철거,2026-06-24,접수중
https://prodaco.kr/운정-륨장판철거,2026-06-24,접수중
https://prodaco.kr/의정부-데코타일철거,2026-06-24,접수중
https://prodaco.kr/경기-바닥철거,2026-06-24,접수중
https://prodaco.kr/양천-데코타일철거,2026-06-24,접수중
https://prodaco.kr/강남-바닥철거,2026-06-24,접수중
https://prodaco.kr/강북-온돌마루철거,2026-06-24,접수중
https://prodaco.kr/서구-바닥타일철거,2026-06-24,접수중
https://prodaco.kr/성동-온돌마루철거,2026-06-24,접수중
https://prodaco.kr/마루뜯기,2026-06-24,접수중
https://prodaco.kr/장판제거,2026-06-24,접수중
https://prodaco.kr/강남-장판철거,2026-06-24,접수중
https://prodaco.kr/마포-장판철거,2026-06-24,접수중
https://prodaco.kr/성동-장판철거,2026-06-24,접수중
https://prodaco.kr/위례-데코륨철거,2026-06-24,접수중
https://prodaco.kr/미추홀구-바닥타일철거,2026-06-24,접수중
https://prodaco.kr/services/부평,2026-06-24,접수중
https://prodaco.kr/마루제거,2026-06-24,접수중
https://prodaco.kr/성남-데코륨철거,2026-06-24,접수중
https://prodaco.kr/영등포-장판철거,2026-06-24,접수중
https://prodaco.kr/동대문-온돌마루철거,2026-06-24,접수중
https://prodaco.kr/강서-디럭스타일철거,2026-06-24,접수중
https://prodaco.kr/남동구-바닥타일철거,2026-06-24,접수중
https://prodaco.kr/송파-디럭스타일철거,2026-06-24,접수중
https://prodaco.kr/연수구-바닥타일철거,2026-06-24,접수중
https://prodaco.kr/강동-디럭스타일철거,2026-06-24,접수중
https://prodaco.kr/계양-디럭스타일철거,2026-06-24,접수중
https://prodaco.kr/서구-디럭스타일철거,2026-06-24,접수중
https://prodaco.kr/서울-디럭스타일철거,2026-06-24,접수중
https://prodaco.kr/양천-디럭스타일철거,2026-06-24,접수중
https://prodaco.kr/인천-디럭스타일철거,2026-06-24,접수중
https://prodaco.kr/성남-면갈이,2026-06-24,접수중
https://prodaco.kr/하남-면갈이,2026-06-24,접수중
https://prodaco.kr/강서-륨장판철거,2026-06-24,접수중
https://prodaco.kr/성동-데코타일철거,2026-06-24,접수중
https://prodaco.kr/services/위례,2026-06-24,접수중
https://prodaco.kr/양천-면갈이,2026-06-24,접수중
https://prodaco.kr/수도권-면갈이,2026-06-24,접수중
https://prodaco.kr/고양-바닥재철거,2026-06-24,접수중
https://prodaco.kr/은평-데코륨철거,2026-06-24,접수중
https://prodaco.kr/강동-데코륨철거,2026-06-24,접수중
https://prodaco.kr/강서-데코륨철거,2026-06-24,접수중
https://prodaco.kr/강남-온돌마루철거,2026-06-24,접수중
https://prodaco.kr/서초-면갈이,2026-06-24,접수중
https://prodaco.kr/성남-마루철거,2026-06-24,접수중
https://prodaco.kr/온돌마루철거-업체추천,2026-06-24,접수중
https://prodaco.kr/소량-우레탄철거,2026-06-24,접수중
https://prodaco.kr/오산-데코륨철거,2026-06-24,접수중
https://prodaco.kr/송파-온돌마루철거,2026-06-24,접수중
https://prodaco.kr/계양-면갈이,2026-06-24,접수중
https://prodaco.kr/수도권-데코륨철거,2026-06-24,접수중
https://prodaco.kr/강동-륨장판철거,2026-06-24,접수중
https://prodaco.kr/양천-온돌마루철거,2026-06-24,접수중
https://prodaco.kr/services/마포,2026-06-24,접수중
https://prodaco.kr/강동-온돌마루철거,2026-06-24,접수중
https://prodaco.kr/opengraph-image,2026-06-24,접수중
https://prodaco.kr/twitter-image?7680d4c479b09ba2,2026-06-24,접수중
https://prodaco.kr/서울-면갈이,2026-06-24,접수중
https://prodaco.kr/서울-바닥재철거,2026-06-24,접수중
https://prodaco.kr/노원-데코타일철거,2026-06-24,접수중
https://prodaco.kr/수도권-온돌마루철거,2026-06-24,접수중
https://prodaco.kr/서울-바닥샌딩,2026-06-24,접수중
https://prodaco.kr/마포-데코타일철거,2026-06-24,접수중
https://prodaco.kr/영등포-데코타일철거,2026-06-24,접수중
https://prodaco.kr/services/서울,2026-06-24,접수중
https://prodaco.kr/서대문-데코륨철거,2026-06-24,접수중
https://prodaco.kr/강남-바닥타일철거,2026-06-24,접수중
https://prodaco.kr/서울-바닥타일철거,2026-06-24,접수중
https://prodaco.kr/서초-바닥타일철거,2026-06-24,접수중
https://prodaco.kr/동두천-우레탄철거,2026-06-24,접수중
https://prodaco.kr/양천-우레탄철거,2026-06-24,접수중
https://prodaco.kr/services/동탄,2026-06-24,접수중
https://prodaco.kr/화성-바닥타일철거,2026-06-24,접수중
https://prodaco.kr/강서-바닥타일철거,2026-06-24,접수중
https://prodaco.kr/장판철거-기간,2026-06-24,접수중
https://prodaco.kr/부평-강화마루철거,2026-06-24,접수중
https://prodaco.kr/광교-바닥타일철거,2026-06-24,접수중
https://prodaco.kr/송파-우레탄철거,2026-06-24,접수중
https://prodaco.kr/서초-우레탄철거,2026-06-24,접수중
https://prodaco.kr/남동구-온돌마루철거,2026-06-24,접수중
https://prodaco.kr/영등포-면갈이,2026-06-24,접수중
https://prodaco.kr/하남-바닥철거,2026-06-24,접수중
https://prodaco.kr/서구-데코타일철거,2026-06-24,접수중
https://prodaco.kr/서대문-우레탄철거,2026-06-24,접수중
https://prodaco.kr/오산-바닥타일철거,2026-06-24,접수중
https://prodaco.kr/군포-폴리싱타일철거,2026-06-24,접수중
https://prodaco.kr/동두천-타일철거,2026-06-24,접수중
https://prodaco.kr/서구-강마루철거,2026-06-24,접수중
https://prodaco.kr/동작-강화마루철거,2026-06-24,접수중
https://prodaco.kr/송파-폴리싱타일철거,2026-06-24,접수중
https://prodaco.kr/부평-면갈이,2026-06-24,접수중
https://prodaco.kr/의정부-마루철거,2026-06-24,접수중
https://prodaco.kr/동두천-마루철거,2026-06-24,접수중
https://prodaco.kr/륨장판철거-견적,2026-06-24,접수중
https://prodaco.kr/마포-데코륨철거,2026-06-24,접수중
https://prodaco.kr/하남-데코륨철거,2026-06-24,접수중
https://prodaco.kr/남양주-우레탄철거,2026-06-24,접수중
https://prodaco.kr/동탄-바닥타일철거,2026-06-24,접수중
https://prodaco.kr/마루철거-주의사항,2026-06-24,접수중
https://prodaco.kr/서울-데코타일철거,2026-06-24,접수중
https://prodaco.kr/양주-온돌마루철거,2026-06-24,접수중
https://prodaco.kr/디럭스타일철거-방법,2026-06-24,접수중
https://prodaco.kr/은평-강마루철거,2026-06-24,접수중
https://prodaco.kr/은평-바닥재철거,2026-06-24,접수중
https://prodaco.kr/파주-륨장판철거,2026-06-24,접수중
https://prodaco.kr/부평-바닥타일철거,2026-06-24,접수중
https://prodaco.kr/마루철거-폐기물처리,2026-06-24,접수중
https://prodaco.kr/부평-디럭스타일철거,2026-06-24,접수중
https://prodaco.kr/성북-디럭스타일철거,2026-06-24,접수중
https://prodaco.kr/노원-장판철거,2026-06-24,접수중
https://prodaco.kr/동대문-바닥샌딩,2026-06-24,접수중
https://prodaco.kr/저렴한-바닥샌딩,2026-06-24,접수중
https://prodaco.kr/안양-강화마루철거,2026-06-24,접수중
https://prodaco.kr/광명-디럭스타일철거,2026-06-24,접수중
https://prodaco.kr/저렴한-면갈이,2026-06-24,접수중
https://prodaco.kr/중구-바닥타일철거,2026-06-24,접수중
https://prodaco.kr/광진-폴리싱타일철거,2026-06-24,접수중
https://prodaco.kr/운정-장판철거,2026-06-24,접수중
https://prodaco.kr/운정-데코륨철거,2026-06-24,접수중
https://prodaco.kr/의왕-강마루철거,2026-06-24,접수중
https://prodaco.kr/디럭스타일철거-견적,2026-06-24,접수중
https://prodaco.kr/송파-마루철거,2026-06-24,접수중
https://prodaco.kr/노원-디럭스타일철거,2026-06-24,접수중
https://prodaco.kr/용인-마루철거-하도급,2026-06-24,접수중
https://prodaco.kr/구리-데코타일철거,2026-06-24,접수중
https://prodaco.kr/남동구-데코륨철거,2026-06-24,접수중
https://prodaco.kr/의왕-폴리싱타일철거,2026-06-24,접수중
https://prodaco.kr/강남-면갈이,2026-06-24,접수중
https://prodaco.kr/륨장판철거-후기,2026-06-24,접수중
https://prodaco.kr/마루-제거,2026-06-24,접수중
https://prodaco.kr/서울-장판철거,2026-06-24,접수중
https://prodaco.kr/노원-온돌마루철거,2026-06-24,접수중