인기 페이지,클릭수,노출,CTR,게재 순위
https://prodaco.kr/services/광명,3,12,25%,7.42
https://prodaco.kr/바닥샌딩-비용,2,17,11.76%,6.65
https://prodaco.kr/시흥-마루철거,2,10,20%,10.8
https://prodaco.kr/blog/tile-removal,2,8,25%,8.25
https://prodaco.kr/인천-바닥철거,2,8,25%,10.12
https://prodaco.kr/미추홀구-데코타일철거,2,7,28.57%,4.86
https://prodaco.kr/인천-데코타일철거,2,3,66.67%,2
https://prodaco.kr/services/하남,1,61,1.64%,9.46
https://prodaco.kr/데코타일철거-주의사항,1,8,12.5%,10.88
https://prodaco.kr/디럭스타일철거-비용,1,8,12.5%,26.25
https://prodaco.kr/blog/hardwood-sanding-guide,1,7,14.29%,80
https://prodaco.kr/인천-온돌마루철거,1,6,16.67%,98.17
https://prodaco.kr/안산-마루철거,1,5,20%,2.4
https://prodaco.kr/services/고양,1,5,20%,9.2
https://prodaco.kr/바닥샌딩-업체추천,1,4,25%,5.75
https://prodaco.kr/마루철거-방법,1,4,25%,7.25
https://prodaco.kr/수원-바닥재철거,1,4,25%,45.5
https://prodaco.kr/안산-온돌마루철거,1,3,33.33%,9.33
https://prodaco.kr/부천-마루철거-하도급,1,3,33.33%,72.33
https://prodaco.kr/화성-강화마루철거,1,2,50%,4
https://prodaco.kr/강서-온돌마루철거,1,2,50%,6
https://prodaco.kr/도봉-바닥타일철거,1,2,50%,6
https://prodaco.kr/철거-단가표,1,2,50%,9
https://prodaco.kr/blog/preparation-before-removal,1,2,50%,10
https://prodaco.kr/용산-면갈이,1,2,50%,40
https://prodaco.kr/송도-바닥샌딩,1,1,100%,3
https://prodaco.kr/services/성북,1,1,100%,3
https://prodaco.kr/용인-에폭시철거,1,1,100%,10
https://prodaco.kr/데코타일철거-비용,0,37,0%,6.68
https://prodaco.kr/blog/waste-handling,0,16,0%,6
https://prodaco.kr/blog/deco-tile-cost,0,16,0%,6.06
https://prodaco.kr/에폭시철거-방법,0,14,0%,7.29
https://prodaco.kr/강화마루철거-비용,0,12,0%,23.67
https://prodaco.kr/부평-에폭시철거,0,11,0%,6.91
https://prodaco.kr/강화마루철거-폐기물처리,0,9,0%,10.22
https://prodaco.kr/타일철거-평당비용,0,9,0%,29.78
https://prodaco.kr/마루철거-평당비용,0,8,0%,7.38
https://prodaco.kr/마루철거-비용,0,8,0%,10
https://prodaco.kr/시흥-륨장판철거,0,8,0%,33
https://prodaco.kr/인천-바닥타일철거,0,8,0%,71.25
https://prodaco.kr/바닥타일철거-폐기물처리,0,7,0%,9.43
https://prodaco.kr/시흥-에폭시철거,0,7,0%,9.57
https://prodaco.kr/blog/ganmaru-removal,0,7,0%,12.29
https://prodaco.kr/바닥철거-평당비용,0,7,0%,44.43
https://prodaco.kr/blog/commercial-restoration,0,6,0%,5.67
https://prodaco.kr/광명-마루철거,0,6,0%,5.83
https://prodaco.kr/고양-바닥재철거,0,6,0%,28.67
https://prodaco.kr/인테리어-바닥철거-외주,0,5,0%,2.8
http://prodaco.kr/,0,5,0%,3.2
https://prodaco.kr/경기-바닥타일철거,0,5,0%,3.8
https://prodaco.kr/면갈이-견적,0,5,0%,7.4
https://prodaco.kr/services/노원,0,5,0%,9.2
https://prodaco.kr/services/안산,0,5,0%,9.6
https://prodaco.kr/바닥타일철거-견적,0,5,0%,9.8
https://prodaco.kr/시흥-타일철거,0,5,0%,15.4
https://prodaco.kr/services/구리,0,5,0%,17.4
https://prodaco.kr/gallery,0,5,0%,35
https://prodaco.kr/인천-마루철거-하도급,0,5,0%,42.6
https://prodaco.kr/부평-데코타일철거,0,5,0%,125
https://prodaco.kr/강마루철거-주의사항,0,4,0%,4.75
https://prodaco.kr/고양-인테리어-철거-외주,0,4,0%,4.75
https://prodaco.kr/장판철거-기간,0,4,0%,4.75
https://prodaco.kr/마루-꺼짐-보수,0,4,0%,7.5
https://prodaco.kr/영등포-바닥철거,0,4,0%,7.75
https://prodaco.kr/안양-마루철거,0,4,0%,8
https://prodaco.kr/강남-바닥샌딩,0,4,0%,8.25
https://prodaco.kr/광진-타일철거,0,4,0%,12
https://prodaco.kr/성남-인테리어-철거-외주,0,4,0%,16
https://prodaco.kr/데코타일철거-원상복구,0,4,0%,17.75
https://prodaco.kr/부천-륨장판철거,0,4,0%,46.5
https://prodaco.kr/군포-에폭시철거,0,4,0%,49.75
https://prodaco.kr/타일철거-원상복구,0,4,0%,90.25
https://prodaco.kr/송도-마루철거,0,3,0%,2
https://prodaco.kr/노원-마루철거,0,3,0%,3.33
https://prodaco.kr/수원-폴리싱타일철거,0,3,0%,4.33
https://prodaco.kr/디럭스타일철거-주의사항,0,3,0%,5
https://prodaco.kr/services/동두천,0,3,0%,5
https://prodaco.kr/에폭시철거-기간,0,3,0%,5.33
https://prodaco.kr/성남-마루철거,0,3,0%,5.67
https://prodaco.kr/우레탄철거-방법,0,3,0%,6.67
https://prodaco.kr/고양-에폭시철거,0,3,0%,8.67
https://prodaco.kr/장판철거-견적,0,3,0%,9
https://prodaco.kr/blog/maru-cost,0,3,0%,9
https://prodaco.kr/강마루철거-후기,0,3,0%,9.33
https://prodaco.kr/강마루철거-업체추천,0,3,0%,9.67
https://prodaco.kr/services/계양,0,3,0%,9.67
https://prodaco.kr/바닥철거-비용,0,3,0%,10
https://prodaco.kr/곰팡이-장판-교체,0,3,0%,11.33
https://prodaco.kr/성남-강화마루철거,0,3,0%,15.33
https://prodaco.kr/고양-장판철거,0,3,0%,19
https://prodaco.kr/services/서초,0,3,0%,27
https://prodaco.kr/데코타일철거-견적,0,3,0%,32
https://prodaco.kr/마루-변색-교체,0,3,0%,56
https://prodaco.kr/구로-데코륨철거,0,3,0%,65
https://prodaco.kr/강동-강마루철거,0,3,0%,65.67
https://prodaco.kr/용인-강화마루철거,0,3,0%,67.67
https://prodaco.kr/강서-데코타일철거,0,3,0%,73
https://prodaco.kr/온돌마루철거-비용,0,3,0%,83.67
https://prodaco.kr/우레탄철거-폐기물처리,0,3,0%,89.33
https://prodaco.kr/일산-온돌마루철거,0,3,0%,96
https://prodaco.kr/에폭시철거-폐기물처리,0,3,0%,99.33
https://prodaco.kr/광명-데코타일철거,0,3,0%,102.33
https://prodaco.kr/성남-마루철거-하도급,0,3,0%,110.33
https://prodaco.kr/동탄-마루철거-하도급,0,3,0%,116.33
https://prodaco.kr/과천-강화마루철거,0,3,0%,181.33
https://prodaco.kr/blog/sanding-why-matters,0,3,0%,197.33
https://prodaco.kr/연수구-디럭스타일철거,0,3,0%,202
https://prodaco.kr/데코륨철거-후기,0,3,0%,208.67
https://prodaco.kr/남양주-마루철거,0,2,0%,1
https://prodaco.kr/blog,0,2,0%,1
https://prodaco.kr/services/산본,0,2,0%,3
https://prodaco.kr/서울-륨장판철거,0,2,0%,3.5
https://prodaco.kr/일산-마루철거,0,2,0%,4.5
https://prodaco.kr/services/강남,0,2,0%,6
https://prodaco.kr/강남-에폭시철거,0,2,0%,7
https://prodaco.kr/구리-바닥타일철거,0,2,0%,7
https://prodaco.kr/구리-타일철거,0,2,0%,7
https://prodaco.kr/안산-폴리싱타일철거,0,2,0%,7
https://prodaco.kr/오산-바닥샌딩,0,2,0%,7
https://prodaco.kr/동대문-바닥철거,0,2,0%,7.5
https://prodaco.kr/마루-뜯는법,0,2,0%,7.5
https://prodaco.kr/blog/after-removal-next-steps,0,2,0%,7.5
https://prodaco.kr/services/양천,0,2,0%,8
https://prodaco.kr/송도-온돌마루철거,0,2,0%,9
https://prodaco.kr/썩은-마루철거,0,2,0%,9
https://prodaco.kr/우레탄제거,0,2,0%,9
https://prodaco.kr/services/파주,0,2,0%,10
https://prodaco.kr/일산-륨장판철거,0,2,0%,10.5
https://prodaco.kr/강남-디럭스타일철거,0,2,0%,11
https://prodaco.kr/services/의왕,0,2,0%,11
https://prodaco.kr/마루-뜯기,0,2,0%,13.5
https://prodaco.kr/이사-마루철거,0,2,0%,13.5
https://prodaco.kr/강마루제거,0,2,0%,21
https://prodaco.kr/인천-마루철거,0,2,0%,21.5
https://prodaco.kr/서구-강마루철거,0,2,0%,22
https://prodaco.kr/군포-마루철거,0,2,0%,30.5
https://prodaco.kr/파주-강화마루철거,0,2,0%,34.5
https://prodaco.kr/구로-장판철거,0,2,0%,40
https://prodaco.kr/파주-마루철거,0,2,0%,60
https://prodaco.kr/중랑-장판철거,0,2,0%,60.5
https://prodaco.kr/중구-바닥샌딩,0,2,0%,61
https://prodaco.kr/고양-마루철거,0,2,0%,82
https://prodaco.kr/양천-데코륨철거,0,2,0%,96.5
https://prodaco.kr/수원-마루철거-하도급,0,2,0%,97
https://prodaco.kr/의정부-타일철거,0,2,0%,100
https://prodaco.kr/금천-강화마루철거,0,2,0%,103.5
https://prodaco.kr/부평-강화마루철거,0,2,0%,108.5
https://prodaco.kr/강북-강화마루철거,0,2,0%,111
https://prodaco.kr/blog/apartment-vs-office,0,2,0%,112
https://prodaco.kr/영등포-디럭스타일철거,0,2,0%,114
https://prodaco.kr/은평-온돌마루철거,0,2,0%,122.5
https://prodaco.kr/수도권-디럭스타일철거,0,2,0%,124
https://prodaco.kr/서구-륨장판철거,0,2,0%,130
https://prodaco.kr/서구-데코타일철거,0,2,0%,130.5
https://prodaco.kr/경기-디럭스타일철거,0,2,0%,131
https://prodaco.kr/바닥타일철거-기간,0,2,0%,131.5
https://prodaco.kr/륨장판철거-방법,0,2,0%,132.5
https://prodaco.kr/면갈이-원상복구,0,2,0%,136
https://prodaco.kr/성동-륨장판철거,0,2,0%,136.5
https://prodaco.kr/화성-륨장판철거,0,2,0%,136.5
https://prodaco.kr/은평-디럭스타일철거,0,2,0%,144
https://prodaco.kr/광교-온돌마루철거,0,2,0%,148
https://prodaco.kr/과천-강마루철거,0,2,0%,153.5
https://prodaco.kr/강동-강화마루철거,0,2,0%,262
https://prodaco.kr/강남-륨장판철거,0,2,0%,263
https://prodaco.kr/오산-강마루철거,0,2,0%,264
https://prodaco.kr/운정-온돌마루철거,0,2,0%,266
https://prodaco.kr/미추홀구-에폭시철거,0,2,0%,267
https://prodaco.kr/군포-데코륨철거,0,2,0%,270
https://prodaco.kr/송파-강마루철거,0,2,0%,291
https://prodaco.kr/산본-데코타일철거,0,2,0%,293
https://prodaco.kr/화성-온돌마루철거,0,2,0%,294
https://prodaco.kr/양주-륨장판철거,0,2,0%,295
https://prodaco.kr/부천-폴리싱타일철거,0,2,0%,296
https://prodaco.kr/서초-강화마루철거,0,2,0%,297
https://prodaco.kr/판교-데코륨철거,0,2,0%,299
https://prodaco.kr/폴리싱타일철거-후기,0,2,0%,301
https://prodaco.kr/성북-바닥철거,0,1,0%,1
https://prodaco.kr/송파-에폭시철거,0,1,0%,1
https://prodaco.kr/강북-타일철거,0,1,0%,2
https://prodaco.kr/도봉-면갈이,0,1,0%,2
https://prodaco.kr/동탄-데코륨철거,0,1,0%,2
https://prodaco.kr/동탄-마루철거,0,1,0%,2
https://prodaco.kr/륨장판철거-폐기물처리,0,1,0%,2
https://prodaco.kr/용인-면갈이,0,1,0%,2
https://prodaco.kr/구리-바닥철거,0,1,0%,3
https://prodaco.kr/저렴한-폴리싱타일철거,0,1,0%,3
https://prodaco.kr/중구-에폭시철거,0,1,0%,3
https://prodaco.kr/파주-강마루철거,0,1,0%,3
https://prodaco.kr/경기-마루철거,0,1,0%,4
https://prodaco.kr/구로-타일철거,0,1,0%,4
https://prodaco.kr/영등포-에폭시철거,0,1,0%,4
https://prodaco.kr/온돌마루철거-업체추천,0,1,0%,4
https://prodaco.kr/용인-바닥철거,0,1,0%,4
https://prodaco.kr/일산-바닥샌딩,0,1,0%,4
https://prodaco.kr/강남-강마루철거,0,1,0%,5
https://prodaco.kr/데코륨철거-평당비용,0,1,0%,5
https://prodaco.kr/마루시공-철거,0,1,0%,5
https://prodaco.kr/송파-데코타일철거,0,1,0%,5
https://prodaco.kr/양천-에폭시철거,0,1,0%,5
https://prodaco.kr/온돌마루철거-폐기물처리,0,1,0%,5
https://prodaco.kr/강마루철거-폐기물처리,0,1,0%,6
https://prodaco.kr/디럭스타일철거-기간,0,1,0%,6
https://prodaco.kr/바닥철거-기간,0,1,0%,6
https://prodaco.kr/성북-마루철거,0,1,0%,6
https://prodaco.kr/양천-강화마루철거,0,1,0%,6
https://prodaco.kr/용산-장판철거,0,1,0%,6
https://prodaco.kr/노원-바닥샌딩,0,1,0%,7
https://prodaco.kr/노원-에폭시철거,0,1,0%,7
https://prodaco.kr/당일-마루철거,0,1,0%,7
https://prodaco.kr/동대문-강마루철거,0,1,0%,7
https://prodaco.kr/동대문-마루철거,0,1,0%,7
https://prodaco.kr/동탄-장판철거,0,1,0%,7
https://prodaco.kr/바닥타일철거-업체추천,0,1,0%,7
https://prodaco.kr/소량-바닥샌딩,0,1,0%,7
https://prodaco.kr/양천-장판철거,0,1,0%,7
https://prodaco.kr/위례-에폭시철거,0,1,0%,7
https://prodaco.kr/services/안양,0,1,0%,7
https://prodaco.kr/광진-강마루철거,0,1,0%,8
https://prodaco.kr/마포-강화마루철거,0,1,0%,8
https://prodaco.kr/서울-마루철거,0,1,0%,8
https://prodaco.kr/성동-타일철거,0,1,0%,8
https://prodaco.kr/성북-강화마루철거,0,1,0%,8
https://prodaco.kr/인천-강마루철거,0,1,0%,8
https://prodaco.kr/장판-뜯기,0,1,0%,8
https://prodaco.kr/중구-면갈이,0,1,0%,8
https://prodaco.kr/blog/deco-vs-jangpan,0,1,0%,8
https://prodaco.kr/광교-바닥샌딩,0,1,0%,9
https://prodaco.kr/구리-데코륨철거,0,1,0%,9
https://prodaco.kr/김포-에폭시철거,0,1,0%,9
https://prodaco.kr/동대문-바닥타일철거,0,1,0%,9
https://prodaco.kr/동탄-바닥샌딩,0,1,0%,9
https://prodaco.kr/륨장판철거-원상복구,0,1,0%,9
https://prodaco.kr/마루-어떻게-철거,0,1,0%,9
https://prodaco.kr/바닥샌딩-기간,0,1,0%,9
https://prodaco.kr/빌라-바닥철거,0,1,0%,9
https://prodaco.kr/송파-장판철거,0,1,0%,9
https://prodaco.kr/수원-강화마루철거,0,1,0%,9
https://prodaco.kr/양주-마루철거,0,1,0%,9
https://prodaco.kr/오산-디럭스타일철거,0,1,0%,9
https://prodaco.kr/저렴한-디럭스타일철거,0,1,0%,9
https://prodaco.kr/하남-마루철거,0,1,0%,9
https://prodaco.kr/강남-타일철거,0,1,0%,10
https://prodaco.kr/강마루철거-견적,0,1,0%,10
https://prodaco.kr/강북-바닥샌딩,0,1,0%,10
https://prodaco.kr/강서-면갈이,0,1,0%,10
https://prodaco.kr/경기-에폭시철거,0,1,0%,10
https://prodaco.kr/마루철거-후기,0,1,0%,10
https://prodaco.kr/마포-바닥철거,0,1,0%,10
https://prodaco.kr/용산-온돌마루철거,0,1,0%,10
https://prodaco.kr/판교-온돌마루철거,0,1,0%,10
https://prodaco.kr/services/판교,0,1,0%,10
https://prodaco.kr/고양-바닥샌딩,0,1,0%,11
https://prodaco.kr/구로-온돌마루철거,0,1,0%,11
https://prodaco.kr/마포-강마루철거,0,1,0%,11
https://prodaco.kr/용산-바닥샌딩,0,1,0%,11
https://prodaco.kr/인천-데코륨철거,0,1,0%,11
https://prodaco.kr/평촌-데코타일철거,0,1,0%,11
https://prodaco.kr/화성-마루철거-하도급,0,1,0%,11
https://prodaco.kr/services/김포,0,1,0%,11
https://prodaco.kr/services/서구,0,1,0%,11
https://prodaco.kr/고양-데코타일철거,0,1,0%,12
https://prodaco.kr/마루-떼기,0,1,0%,12
https://prodaco.kr/services/의정부,0,1,0%,12
https://prodaco.kr/services/양주,0,1,0%,13
https://prodaco.kr/경기-바닥샌딩,0,1,0%,14
https://prodaco.kr/김포-륨장판철거,0,1,0%,15
https://prodaco.kr/바닥재제거,0,1,0%,16
https://prodaco.kr/도봉-바닥샌딩,0,1,0%,17
https://prodaco.kr/성북-강마루철거,0,1,0%,17
https://prodaco.kr/services/강동,0,1,0%,18
https://prodaco.kr/마루-철거-혼자,0,1,0%,19
https://prodaco.kr/하남-장판철거,0,1,0%,20
https://prodaco.kr/services/화성,0,1,0%,20
https://prodaco.kr/바닥재철거-하도급,0,1,0%,22
https://prodaco.kr/양주-디럭스타일철거,0,1,0%,22
https://prodaco.kr/강남-데코륨철거,0,1,0%,23
https://prodaco.kr/광명-바닥재철거,0,1,0%,25
https://prodaco.kr/소량-데코타일철거,0,1,0%,25
https://prodaco.kr/경기-강화마루철거,0,1,0%,33
https://prodaco.kr/고양-우레탄철거,0,1,0%,40
https://prodaco.kr/강서-마루철거,0,1,0%,43
https://prodaco.kr/위례-타일철거,0,1,0%,44
https://prodaco.kr/의정부-디럭스타일철거,0,1,0%,51
https://prodaco.kr/마루철거-외주,0,1,0%,71
https://prodaco.kr/성남-타일철거,0,1,0%,72
https://prodaco.kr/타일철거-견적,0,1,0%,74
https://prodaco.kr/수도권-장판철거,0,1,0%,75
https://prodaco.kr/금천-우레탄철거,0,1,0%,77
https://prodaco.kr/김포-바닥철거,0,1,0%,78
https://prodaco.kr/디럭스타일철거-원상복구,0,1,0%,79
https://prodaco.kr/운정-마루철거,0,1,0%,79
https://prodaco.kr/남동구-장판철거,0,1,0%,80
https://prodaco.kr/수도권-마루철거,0,1,0%,113
https://prodaco.kr/동두천-면갈이,0,1,0%,115
https://prodaco.kr/계양-마루철거,0,1,0%,116
https://prodaco.kr/철거-견적-의뢰,0,1,0%,117
https://prodaco.kr/운정-바닥샌딩,0,1,0%,119
https://prodaco.kr/동작-바닥철거,0,1,0%,120
https://prodaco.kr/도봉-에폭시철거,0,1,0%,151
https://prodaco.kr/서초-바닥재철거,0,1,0%,152
https://prodaco.kr/강남-마루철거,0,1,0%,153
https://prodaco.kr/강북-장판철거,0,1,0%,154
https://prodaco.kr/강동-바닥철거,0,1,0%,155
https://prodaco.kr/서초-마루철거,0,1,0%,157
https://prodaco.kr/남양주-타일철거,0,1,0%,159
https://prodaco.kr/수도권-바닥샌딩,0,1,0%,160
https://prodaco.kr/은평-타일철거,0,1,0%,163
https://prodaco.kr/영등포-우레탄철거,0,1,0%,164
https://prodaco.kr/강서-바닥샌딩,0,1,0%,165
https://prodaco.kr/양주-강화마루철거,0,1,0%,167
https://prodaco.kr/서초-데코륨철거,0,1,0%,168
https://prodaco.kr/서초-온돌마루철거,0,1,0%,169
https://prodaco.kr/안양-바닥타일철거,0,1,0%,170
https://prodaco.kr/금천-바닥타일철거,0,1,0%,172
https://prodaco.kr/과천-데코륨철거,0,1,0%,173
https://prodaco.kr/동작-폴리싱타일철거,0,1,0%,175
https://prodaco.kr/고양-폴리싱타일철거,0,1,0%,177
https://prodaco.kr/평촌-강화마루철거,0,1,0%,178
https://prodaco.kr/에폭시철거-업체추천,0,1,0%,179
https://prodaco.kr/은평-폴리싱타일철거,0,1,0%,180
https://prodaco.kr/판교-바닥타일철거,0,1,0%,181
https://prodaco.kr/평촌-강마루철거,0,1,0%,182
https://prodaco.kr/운정-디럭스타일철거,0,1,0%,183
https://prodaco.kr/광진-온돌마루철거,0,1,0%,184
https://prodaco.kr/성동-폴리싱타일철거,0,1,0%,185
https://prodaco.kr/중랑-디럭스타일철거,0,1,0%,186
https://prodaco.kr/동두천-강마루철거,0,1,0%,188
https://prodaco.kr/군포-폴리싱타일철거,0,1,0%,194
https://prodaco.kr/소량-폴리싱타일철거,0,1,0%,195
https://prodaco.kr/철거-일위대가,0,1,0%,196
https://prodaco.kr/송파-데코륨철거,0,1,0%,197
https://prodaco.kr/평촌-디럭스타일철거,0,1,0%,198
https://prodaco.kr/강북-폴리싱타일철거,0,1,0%,199
https://prodaco.kr/수원-데코륨철거,0,1,0%,200
https://prodaco.kr/안양-폴리싱타일철거,0,1,0%,202
https://prodaco.kr/광진-강화마루철거,0,1,0%,203
https://prodaco.kr/하남-디럭스타일철거,0,1,0%,204
https://prodaco.kr/경기-온돌마루철거,0,1,0%,205
https://prodaco.kr/송도-데코륨철거,0,1,0%,209
https://prodaco.kr/인천-인테리어-철거-외주,0,1,0%,210
https://prodaco.kr/구리-온돌마루철거,0,1,0%,211
https://prodaco.kr/경기-폴리싱타일철거,0,1,0%,212
https://prodaco.kr/강남-데코타일철거,0,1,0%,214
https://prodaco.kr/판교-데코타일철거,0,1,0%,216
https://prodaco.kr/당일-바닥타일철거,0,1,0%,218
https://prodaco.kr/파주-바닥타일철거,0,1,0%,219
https://prodaco.kr/안산-바닥타일철거,0,1,0%,220
https://prodaco.kr/영등포-데코륨철거,0,1,0%,221
https://prodaco.kr/남양주-온돌마루철거,0,1,0%,223
https://prodaco.kr/데코타일철거-후기,0,1,0%,224
https://prodaco.kr/양천-바닥타일철거,0,1,0%,225
https://prodaco.kr/영등포-강마루철거,0,1,0%,227
https://prodaco.kr/산본-디럭스타일철거,0,1,0%,228
https://prodaco.kr/동작-강화마루철거,0,1,0%,229
https://prodaco.kr/소량-온돌마루철거,0,1,0%,230
https://prodaco.kr/용산-바닥타일철거,0,1,0%,231
https://prodaco.kr/하남-강화마루철거,0,1,0%,232
https://prodaco.kr/동두천-데코륨철거,0,1,0%,234
https://prodaco.kr/산본-강화마루철거,0,1,0%,235
https://prodaco.kr/고양-바닥타일철거,0,1,0%,236
https://prodaco.kr/양천-륨장판철거,0,1,0%,238
https://prodaco.kr/수도권-륨장판철거,0,1,0%,239
https://prodaco.kr/송파-바닥타일철거,0,1,0%,240
https://prodaco.kr/광명-폴리싱타일철거,0,1,0%,241
https://prodaco.kr/양천-폴리싱타일철거,0,1,0%,243
https://prodaco.kr/의왕-데코륨철거,0,1,0%,246
https://prodaco.kr/강남-폴리싱타일철거,0,1,0%,247
https://prodaco.kr/은평-데코타일철거,0,1,0%,248
https://prodaco.kr/미추홀구-바닥샌딩,0,1,0%,253
https://prodaco.kr/산본-데코륨철거,0,1,0%,254
https://prodaco.kr/성북-륨장판철거,0,1,0%,255
https://prodaco.kr/계양-바닥타일철거,0,1,0%,257
https://prodaco.kr/과천-데코타일철거,0,1,0%,272
https://prodaco.kr/미추홀구-바닥재철거,0,1,0%,273
https://prodaco.kr/바닥철거-업체추천,0,1,0%,274
https://prodaco.kr/동탄-온돌마루철거,0,1,0%,275
https://prodaco.kr/영등포-륨장판철거,0,1,0%,276
https://prodaco.kr/동두천-강화마루철거,0,1,0%,277
https://prodaco.kr/과천-폴리싱타일철거,0,1,0%,279
https://prodaco.kr/중구-데코륨철거,0,1,0%,280
https://prodaco.kr/관악-강화마루철거,0,1,0%,282
https://prodaco.kr/관악-디럭스타일철거,0,1,0%,286
https://prodaco.kr/미추홀구-우레탄철거,0,1,0%,287
https://prodaco.kr/연수구-륨장판철거,0,1,0%,290